{"Name": "Loch Fyne Bunnahabhain 14 Year Old", "Price": null, "Image": "https://cdn.whiskyshop.com/media/catalog/product/cache/50f391de93cd48dd70ebbdc71e96a683/t/h/the-loch-fyne-bunnahbhain.jpg"}
{"Name": "BenRiach 10 Year Old ", "Price": null, "Image": "https://cdn.whiskyshop.com/media/catalog/product/cache/50f391de93cd48dd70ebbdc71e96a683/b/e/benriach_10yo_ss-wbg.jpg"}
{"Name": "Dalmore Constellation 1964 cask 9", "Price": null, "Image": "https://cdn.whiskyshop.com/media/catalog/product/cache/50f391de93cd48dd70ebbdc71e96a683/d/a/dalmore-constellation-1964-09_693.jpg"}
{"Name": "Strathisla 12 Year Old", "Price": null, "Image": "https://cdn.whiskyshop.com/media/catalog/product/cache/50f391de93cd48dd70ebbdc71e96a683/s/t/strathisla_12yo_70cl.jpg"}
{"Name": "Glen Garioch 12 Year Old", "Price": null, "Image": "https://cdn.whiskyshop.com/media/catalog/product/cache/50f391de93cd48dd70ebbdc71e96a683/g/l/glengarioch_12yo_ps.jpg"}
{"Name": "Cambus 40 Year Old 2016 Special Release", "Price": null, "Image": "https://cdn.whiskyshop.com/media/catalog/product/cache/50f391de93cd48dd70ebbdc71e96a683/c/a/cambus-40yo-ps.jpg"}
{"Name": "Balvenie 12 Year Old DoubleWood", "Price": null, "Image": "https://cdn.whiskyshop.com/media/catalog/product/cache/50f391de93cd48dd70ebbdc71e96a683/b/a/balvenie_12yo_doublewood_ps.jpg"}
{"Name": "Ballantine's 17 Year Old", "Price": "\u00a372.00", "Image": "https://cdn.whiskyshop.com/media/catalog/product/cache/50f391de93cd48dd70ebbdc71e96a683/b/a/ballantines_17_year_old.jpg"}
{"Name": "Aberfeldy 12 Year Old", "Price": null, "Image": "None"}
{"Name": "Pittyvaich 29 Year Old Special Releases 2019", "Price": null, "Image": "https://cdn.whiskyshop.com/media/catalog/product/cache/50f391de93cd48dd70ebbdc71e96a683/p/i/pittyvaich_29yo_specialrelease2019_ps.jpg"}
{"Name": "Mortlach 26 Year Old Special Releases 2019", "Price": null, "Image": "https://cdn.whiskyshop.com/media/catalog/product/cache/50f391de93cd48dd70ebbdc71e96a683/m/o/mortlach_26yo_specialrelease2019_ps.jpg"}
{"Name": "Glendronach 1993 26 Year Old #7434", "Price": null, "Image": "https://cdn.whiskyshop.com/media/catalog/product/cache/50f391de93cd48dd70ebbdc71e96a683/g/l/glendronach_1993_26yo_7434_ps.jpg"}
{"Name": "Glen Moray 21 Year Old", "Price": "\u00a3120.00", "Image": "https://cdn.whiskyshop.com/media/catalog/product/cache/50f391de93cd48dd70ebbdc71e96a683/g/l/glenmoray_21yo_portwood_ps.jpg"}
{"Name": "First Editions Ben Nevis 1996", "Price": null, "Image": "https://cdn.whiskyshop.com/media/catalog/product/cache/50f391de93cd48dd70ebbdc71e96a683/f/i/firsteditions_bennevis_1996_22yo_ps.jpg"}
{"Name": "Macallan Edition No.5", "Price": null, "Image": "https://cdn.whiskyshop.com/media/catalog/product/cache/50f391de93cd48dd70ebbdc71e96a683/m/a/macallan_editionno5_ps.jpg"}
{"Name": "Littlemill 29 Year Old Private Cellar Edition 2019", "Price": null, "Image": "https://cdn.whiskyshop.com/media/catalog/product/cache/50f391de93cd48dd70ebbdc71e96a683/l/i/littlemill_29yo_ps1.jpg"}
{"Name": "Balvenie 12 Year Old DoubleWood 5cl", "Price": "\u00a36.00", "Image": "https://cdn.whiskyshop.com/media/catalog/product/cache/50f391de93cd48dd70ebbdc71e96a683/b/a/balvenie_12yo_5cl_ps.jpg"}
{"Name": "GlenDronach Cask Strength Batch 8", "Price": null, "Image": "https://cdn.whiskyshop.com/media/catalog/product/cache/50f391de93cd48dd70ebbdc71e96a683/g/l/glendronach_caskstrength_batch8_ps_1.jpg"}
{"Name": "Bunnahabhain 2007 French Brandy Finish", "Price": null, "Image": "None"}
{"Name": "Arran 10 Year Old 5cl", "Price": "\u00a35.00", "Image": "https://cdn.whiskyshop.com/media/catalog/product/cache/50f391de93cd48dd70ebbdc71e96a683/a/r/arran_10yo_5cl_ss.jpg"}
{"Name": "Macallan Rare Cask Batch No.1 2019 Release", "Price": null, "Image": "https://cdn.whiskyshop.com/media/catalog/product/cache/50f391de93cd48dd70ebbdc71e96a683/m/a/macallan_rare_cask_batch_1_2019_ps_1.jpg"}
{"Name": "Glenmorangie Allta Private Edition - 10th Anniversary", "Price": null, "Image": "https://cdn.whiskyshop.com/media/catalog/product/cache/50f391de93cd48dd70ebbdc71e96a683/g/l/glenmorangie_allta_privateedition-10_ps.jpg"}
{"Name": "GlenAllachie 25 Year Old", "Price": null, "Image": "None"}
{"Name": "GlenAllachie 12 Year Old", "Price": "\u00a348.00", "Image": "None"}
{"Name": "The Octave Glengarioch 2012 9 Year Old ", "Price": "\u00a399.00", "Image": "https://cdn.whiskyshop.com/media/catalog/product/cache/50f391de93cd48dd70ebbdc71e96a683/t/h/theoctave_glengarioch_2012_4631686_ps.jpg"}
{"Name": "Macallan 12 Year Old Double Cask Gift Box", "Price": null, "Image": "https://cdn.whiskyshop.com/media/catalog/product/cache/50f391de93cd48dd70ebbdc71e96a683/m/a/macallan_12yo_doublecask_giftbox_ps.jpg"}
{"Name": "Macallan 12 Year Old Double Cask Gift Tin", "Price": null, "Image": "https://cdn.whiskyshop.com/media/catalog/product/cache/50f391de93cd48dd70ebbdc71e96a683/m/a/macallan_12_year_old_double_cask_gift_tin_2018_ps_1.jpg"}
{"Name": "GlenAllachie 10 Year Old Cask Strength Batch 2", "Price": null, "Image": "None"}
{"Name": "anCnoc 16 Year Old 125th Anniversary", "Price": null, "Image": "None"}
{"Name": "Lindores Abbey The Casks of Lindores Bourbon", "Price": "\u00a355.00", "Image": "https://cdn.whiskyshop.com/media/catalog/product/cache/50f391de93cd48dd70ebbdc71e96a683/l/i/lindores_casksoflindores_bourbon_ss_1.jpg"}
{"Name": "Black Bull 21 Year Old ", "Price": "\u00a3115.00", "Image": "https://cdn.whiskyshop.com/media/catalog/product/cache/50f391de93cd48dd70ebbdc71e96a683/b/l/blackbull_21yo_ps.jpg"}
{"Name": "Old Malt Cask Inchgower 20 Year Old", "Price": null, "Image": "https://cdn.whiskyshop.com/media/catalog/product/cache/50f391de93cd48dd70ebbdc71e96a683/o/m/omc_inchgower_20yo_2018_ps.jpg"}
{"Name": "Johnnie Walker White Walker", "Price": null, "Image": "https://cdn.whiskyshop.com/media/catalog/product/cache/50f391de93cd48dd70ebbdc71e96a683/j/o/johnniewalker_whitewalker_ss1.jpg"}
{"Name": "Tullibardine 225 Sauternes Cask Finish", "Price": null, "Image": "None"}
{"Name": "Chivas Regal 12 Year Old Tim Little", "Price": null, "Image": "None"}
{"Name": "Glen Scotia 12 Year Old Seasonal Release 2021", "Price": "\u00a374.99", "Image": "https://cdn.whiskyshop.com/media/catalog/product/cache/50f391de93cd48dd70ebbdc71e96a683/g/l/glenscotia_12yo_seasonalrelease_ps.jpg"}
{"Name": "Johnnie Walker Blue Label Ghost & Rare: Pittyvaich ", "Price": "\u00a3275.00", "Image": "https://cdn.whiskyshop.com/media/catalog/product/cache/50f391de93cd48dd70ebbdc71e96a683/j/o/johnniewalker_ghost_rare_pittyvaich_ps.jpeg"}
{"Name": "Johnnie Walker Director's Blend 2011", "Price": "\u00a33,500.00", "Image": "https://cdn.whiskyshop.com/media/catalog/product/cache/50f391de93cd48dd70ebbdc71e96a683/j/o/johnniewalker_directorsblend_2011_ss.jpg"}
{"Name": "Benromach 1977", "Price": null, "Image": "None"}
{"Name": "Chivas Regal Ultis", "Price": null, "Image": "None"}
{"Name": "Hazelburn 12 Year Old", "Price": null, "Image": "None"}
{"Name": "BenRiach 2009 11 Year Old Cask #4833 Batch 17 ", "Price": "\u00a390.00", "Image": "https://cdn.whiskyshop.com/media/catalog/product/cache/50f391de93cd48dd70ebbdc71e96a683/b/e/benriach_2009__4833_11yo_2020_ps.jpg"}
{"Name": "Macallan 30 Year Old Double Cask 2021", "Price": "\u00a34,999.00", "Image": "https://cdn.whiskyshop.com/media/catalog/product/cache/50f391de93cd48dd70ebbdc71e96a683/m/a/macallan_30yo_doublecask_2021_ps.jpg"}
{"Name": "Littlemill 40 Year Old Celestial Edition", "Price": null, "Image": "None"}
{"Name": "Jura One For You", "Price": null, "Image": "None"}
{"Name": "Glenfiddich Winter Storm Batch 2", "Price": null, "Image": "None"}
{"Name": "First Editions Inchgower 2008 20cl", "Price": null, "Image": "None"}
{"Name": "First Editions Bunnahabhain 2007 - 2018 Edition", "Price": null, "Image": "None"}
{"Name": "Aultmore 21 Year Old", "Price": "\u00a3186.00", "Image": "None"}
{"Name": "Oban 12 Year Old Diageo Special Release 2021 ", "Price": "\u00a3105.00", "Image": "None"}
{"Name": "Laphroaig 25 Year Old Cask Strength 2021", "Price": "\u00a3440.00", "Image": "None"}
{"Name": "Grace Ile 25 Year Old The Character of Islay Whisky Company", "Price": "\u00a3310.00", "Image": "None"}
{"Name": "BenRiach 21 Year Old", "Price": "\u00a3138.00", "Image": "None"}
{"Name": "Loch Lomond 1999 Paul Lawrie Autograph Edition", "Price": null, "Image": "None"}
{"Name": "The Tweeddale The Evolution", "Price": "\u00a3175.00", "Image": "None"}
{"Name": "First Editions Inchgower 2008 10 Year Old", "Price": null, "Image": "None"}
{"Name": "Balvenie A Day of Dark Barley 26 Year Old", "Price": null, "Image": "None"}
{"Name": "Glenturret Triple Wood 2021", "Price": "\u00a348.00", "Image": "None"}
{"Name": "Glenturret 30 Year Old", "Price": "\u00a31,500.00", "Image": "None"}
{"Name": "Royal Salute 21 year old", "Price": null, "Image": "None"}
{"Name": "Old Malt Cask Tamnavulin 22 Year Old", "Price": null, "Image": "None"}
{"Name": "Balvenie The Sweet Toast of American Oak 12 Year Old", "Price": "\u00a347.00", "Image": "None"}
{"Name": "Littlemill Testament 1976", "Price": "\u00a37,999.00", "Image": "None"}
{"Name": "Glenfiddich Grande Couronne 26 Year Old", "Price": " \u00a3450.00", "Image": "None"}
{"Name": "Old Malt Cask Linkwood 19 Year Old", "Price": null, "Image": "None"}
{"Name": "GlenDronach 12 Year Old Walker Slater Pack", "Price": null, "Image": "None"}
{"Name": "Tamdhu 12 Year Old", "Price": "\u00a346.00", "Image": "None"}
{"Name": "Glengoyne 18 Year Old", "Price": "\u00a3115.00", "Image": "None"}
{"Name": "Old Malt Cask Royal Brackla 18 Year Old", "Price": null, "Image": "None"}
{"Name": "BenRiach 22 Year Old Moscatel Finish", "Price": null, "Image": "None"}
{"Name": "Royal Lochnagar 12 Year Old - Game of Thrones House Baratheon", "Price": null, "Image": "None"}
{"Name": "Clynelish Reserve - Game of Thrones House Tyrell", "Price": null, "Image": "None"}
{"Name": "Monkey Shoulder ", "Price": "\u00a328.00", "Image": "None"}
{"Name": "Rare Find Tranquillity 1985 Highland Single Malt", "Price": "\u00a3395.00", "Image": "None"}
{"Name": "Old Malt Cask Glengoyne 13 Year Old ", "Price": "\u00a398.00", "Image": "https://cdn.whiskyshop.com/media/catalog/product/cache/50f391de93cd48dd70ebbdc71e96a683/o/l/oldmaltcask_glengoyne_13yo_2007_hl17709_ps.jpg"}
{"Name": "Macallan Gold Double Cask", "Price": null, "Image": "None"}
{"Name": "Macallan 15 Year Old Fine Oak", "Price": null, "Image": "None"}
{"Name": "Macallan Gold Gift Box", "Price": null, "Image": "None"}
{"Name": "Springbank 21 Year Old 2019", "Price": null, "Image": "None"}
{"Name": "Oban Bay Reserve - Game of Thrones The Night's Watch", "Price": null, "Image": "None"}
{"Name": "Cardhu Gold Reserve - Game of Thrones House Targaryen", "Price": null, "Image": "None"}
{"Name": "Dalwhinnie Winter's Frost - Game of Thrones House Stark", "Price": null, "Image": "None"}
{"Name": "GlenDronach 1992 26 Year Old The Whisky Shop Exclusive", "Price": null, "Image": "None"}
{"Name": "The Singleton of Glen Ord 38 Year Old Epicurean Odyssey", "Price": "\u00a32,100.00", "Image": "None"}
{"Name": "Wemyss Malts Bunnahabhain 1990 28 Year Old Boat Captain's Brew", "Price": "\u00a3246.00", "Image": "None"}
{"Name": "Johnnie Walker Blue Label 200th Anniversary", "Price": "\u00a3215.00", "Image": "None"}
{"Name": "Old Malt Cask Mortlach 13 Year Old", "Price": "\u00a3100.00", "Image": "https://cdn.whiskyshop.com/media/catalog/product/cache/50f391de93cd48dd70ebbdc71e96a683/o/m/omc_mortlach_13yo_2007_ps.jpg"}
{"Name": "Glen Scotia 11 Year Old Sherry Double Cask", "Price": "\u00a362.00", "Image": "https://cdn.whiskyshop.com/media/catalog/product/cache/50f391de93cd48dd70ebbdc71e96a683/g/l/glenscotia_11yo_sherrydoublecaskfinish_ps.jpg"}
{"Name": "Fettercairn 22 Year Old", "Price": "\u00a3170.00", "Image": "https://cdn.whiskyshop.com/media/catalog/product/cache/50f391de93cd48dd70ebbdc71e96a683/f/e/fettercairn_22yo_ps.jpg"}
{"Name": "Old Malt Cask Inchmurrin 23 Year Old", "Price": "\u00a3166.00", "Image": "https://cdn.whiskyshop.com/media/catalog/product/cache/50f391de93cd48dd70ebbdc71e96a683/o/m/omc_inchmurrin_23yo_1996_ss.jpg"}
{"Name": "The Sovereign Invergordon 30 Year Old", "Price": null, "Image": "None"}
{"Name": "The Sovereign Strathclyde 30 Year Old", "Price": null, "Image": "None"}
{"Name": "BenRiach 2005 Whisky Shop Exclusive ", "Price": null, "Image": "None"}
{"Name": "Compass Box Hedonism", "Price": "\u00a361.00", "Image": "None"}
{"Name": "Glenmorangie Original Gift Pack", "Price": null, "Image": "None"}
{"Name": "Deanston 2002 Pinot Noir Cask", "Price": "\u00a3105.00", "Image": "None"}
{"Name": "Deanston 2002 Organic", "Price": "\u00a3128.00", "Image": "None"}
{"Name": "Bunnahabhain 1997 Moine", "Price": "\u00a3380.00", "Image": "None"}
{"Name": "Tobermory 23 Year Old", "Price": "\u00a3275.00", "Image": "None"}
{"Name": "Glenkeir Treasures Twin Casks Secret Speyside 9 Year Old", "Price": "\u00a368.00", "Image": "https://cdn.whiskyshop.com/media/catalog/product/cache/50f391de93cd48dd70ebbdc71e96a683/g/l/glenkeirtreasures_twincasks_secretspeyside_9yo_2019_ss1.jpg"}
{"Name": "Macallan Edition No.3", "Price": null, "Image": "None"}
{"Name": "GlenDronach 14 Year Old Marsala Cask Finish", "Price": null, "Image": "None"}
{"Name": "Glenglassaugh 1978 Batch 3 (2343) 38 Year Old", "Price": null, "Image": "None"}
{"Name": "Macallan 12 Year Old Double Cask", "Price": "\u00a361.00", "Image": "None"}
{"Name": "BenRiach 12 Year Old Sherry Wood ", "Price": "\u00a349.00", "Image": "None"}
{"Name": "First Editions Craigellachie 2008 Manager's Special", "Price": null, "Image": "None"}
{"Name": "Glenkeir Treasures Aultmore 7 Year Old", "Price": null, "Image": "None"}
{"Name": "Benriach The Twelve", "Price": "\u00a342.00", "Image": "None"}
{"Name": "Loch Lomond British Masters Limousin Oak Cask", "Price": "\u00a388.00", "Image": "None"}
{"Name": "Loch Lomond The English Championship Rum Cask", "Price": "\u00a393.00", "Image": "None"}
{"Name": "Glenrothes Whisky Maker's Cut", "Price": "\u00a356.00", "Image": "None"}
{"Name": "Invergordon 21 Year Old The Sovereign", "Price": "\u00a3135.00", "Image": "https://cdn.whiskyshop.com/media/catalog/product/cache/50f391de93cd48dd70ebbdc71e96a683/i/n/invergordon_21yo_1995_sovereign_ps.jpg"}
{"Name": "Old Malt Cask Longmorn 21 Year Old", "Price": "\u00a3156.00", "Image": "https://cdn.whiskyshop.com/media/catalog/product/cache/50f391de93cd48dd70ebbdc71e96a683/o/m/omc_longmorn_21yo_ps.jpg"}
{"Name": "Bunnahabhain 1988 Marsala Cask Finish", "Price": "\u00a3460.00", "Image": "None"}
{"Name": "Dalmore 45 Year Old", "Price": null, "Image": "None"}
{"Name": "Dewar's 12 year old", "Price": null, "Image": "None"}
{"Name": "Glenmorangie Astar 2017", "Price": null, "Image": "None"}
{"Name": "Caol Ila 15 Year Old 2016 Special Release", "Price": null, "Image": "None"}
{"Name": "Glenkeir Treasures Fettercairn 8 Year Old ", "Price": null, "Image": "None"}
{"Name": "Glenkeir Treasures Craigellachie 9 Year Old", "Price": null, "Image": "None"}
{"Name": "Glen Scotia Victoriana", "Price": " \u00a373.00", "Image": "None"}
{"Name": "Benromach 15 Year Old", "Price": "\u00a366.00", "Image": "None"}
{"Name": "GlenAllachie 15 Year Old", "Price": "\u00a367.00", "Image": "None"}
{"Name": "Glenfiddich Grand Cru 23 Year Old", "Price": " \u00a3240.00", "Image": "None"}
{"Name": "Johnnie Walker Blue Label Ghost & Rare: Glenury Royal", "Price": "\u00a3285.00", "Image": "None"}
{"Name": "Old Pulteney 2006 #1448", "Price": "\u00a3102.00", "Image": "None"}
{"Name": "Compass Box Myths & Legends I", "Price": "\u00a3135.00", "Image": "None"}
{"Name": "First Editions Blair Athol 2010", "Price": "\u00a371.00", "Image": "None"}
{"Name": "First Editions Mortlach 2009", "Price": "\u00a371.00", "Image": "None"}
{"Name": "Glenfiddich 21 Year Old 20cl", "Price": "\u00a350.00", "Image": "None"}
{"Name": "Glenmorangie Pride 1974", "Price": null, "Image": "None"}
{"Name": "Macallan Reflexion", "Price": null, "Image": "None"}
{"Name": "Glenfiddich IPA Experiment", "Price": null, "Image": "None"}
{"Name": "Benromach 35 Year Old", "Price": null, "Image": "None"}
{"Name": "Old Malt Cask Fettercairn 7 Year Old", "Price": "\u00a329.00", "Image": "None"}
{"Name": "Inchgower 8 Year Old Douglas of Drumlanrig", "Price": null, "Image": "None"}
{"Name": "Speyburn Bradan Orach", "Price": "\u00a336.00", "Image": "None"}
{"Name": "Stylish Whisky Globe Decanter 20cl", "Price": "\u00a349.00", "Image": "None"}
{"Name": "First Editions Tullibardine 2008", "Price": "\u00a383.00", "Image": "None"}
{"Name": "First Editions Tamdhu 2007 11 Year Old", "Price": "\u00a376.00", "Image": "None"}
{"Name": "First Editions Craigellachie 2006", "Price": "\u00a379.00", "Image": "None"}
{"Name": "Whisky Works Glaswegian 29 Year Old", "Price": "\u00a3135.00", "Image": "None"}
{"Name": "Balvenie Tun 1509 Batch 2", "Price": null, "Image": "None"}
{"Name": "Isle of Jura 16 year old 20cl", "Price": null, "Image": "None"}
{"Name": "Cutty Sark", "Price": null, "Image": "None"}
{"Name": "BRUICHLADDICH THE LADDIE TWENTY TWO YEAR OLD", "Price": null, "Image": "None"}
{"Name": "Glenmorangie Milsean", "Price": null, "Image": "None"}
{"Name": "The John Walker ", "Price": null, "Image": "None"}
{"Name": "Glengoyne 21 Year Old", "Price": "\u00a3191.00", "Image": "None"}
{"Name": "Whisky Works King of Trees 10 Year Old", "Price": "\u00a378.00", "Image": "None"}
{"Name": "Balblair 18 Year Old", "Price": "\u00a3127.00", "Image": "None"}
{"Name": "Glenfiddich 30 Year Old ", "Price": "\u00a3600.00", "Image": "None"}
{"Name": "Loch Lomond 19 Year Old Royal Portrush", "Price": "\u00a3166.00", "Image": "None"}
{"Name": "First Editions Jura 2006", "Price": "\u00a376.00", "Image": "None"}
{"Name": "Jura One for the Road", "Price": null, "Image": "None"}
{"Name": "Glenmorangie Bacalta", "Price": null, "Image": "None"}
{"Name": "Macallan Sienna", "Price": null, "Image": "None"}
{"Name": "Johnnie Walker Blue Label Year of the Monkey Limited Edition", "Price": null, "Image": "None"}
{"Name": "Glengoyne 8 Year Old", "Price": null, "Image": "None"}
{"Name": "Balblair 15 Year Old", "Price": "\u00a375.00", "Image": "None"}
{"Name": "Balblair 12 Year Old", "Price": "\u00a345.00", "Image": "None"}
{"Name": "Glenglassaugh Evolution", "Price": "\u00a346.00", "Image": "None"}
{"Name": "The Naked Malt", "Price": "\u00a331.00", "Image": "None"}
{"Name": "The Loch Fyne The Living Cask Batch 4 5cl", "Price": "\u00a38.00", "Image": "None"}
{"Name": "Old Malt Cask Royal Brackla 19 Year Old", "Price": "\u00a3139.00", "Image": "None"}
{"Name": "Invergordon 50 Year Old The Sovereign", "Price": "\u00a3879.00", "Image": "None"}
{"Name": "First Editions Bunnahabhain 2007", "Price": null, "Image": "None"}
{"Name": "Glenmorangie Grand Vintage Malt 1990", "Price": null, "Image": "None"}
{"Name": "Dalmore Quintessence", "Price": null, "Image": "None"}
{"Name": "The Cally 1974 'Caledonian' 40 Year Old 2015 Special Release", "Price": "\u00a3830.00", "Image": "None"}
{"Name": "The Macallan M", "Price": null, "Image": "None"}
{"Name": "Glenglassaugh 30 Year Old", "Price": null, "Image": "None"}
{"Name": "Glenmorangie Original", "Price": "\u00a337.00", "Image": "None"}
{"Name": "The Glenlivet Founder's Reserve", "Price": "\u00a334.00", "Image": "None"}
{"Name": "Strathmill 12 year old ", "Price": "\u00a346.00", "Image": "None"}
{"Name": "Old Malt Cask Mortlach 10 Year Old", "Price": "\u00a398.00", "Image": "None"}
{"Name": "Glenrothes 1976", "Price": "\u00a31,000.00", "Image": "None"}
{"Name": "The Loch Fyne Blend", "Price": "\u00a325.00", "Image": "None"}
{"Name": "Glenmorangie 18 Year Old", "Price": null, "Image": "None"}
{"Name": "Glenfiddich 26 Year Old Excellence ", "Price": "\u00a3399.00", "Image": "None"}
{"Name": "The Loch Fyne - The Living Cask - Batch 4 - Inveraray & District Pipe Band Edition", "Price": null, "Image": "None"}
{"Name": "Glenmorangie The Pioneer Set", "Price": null, "Image": "None"}
{"Name": "Jura 16 Year Old - Diurachs' Own", "Price": null, "Image": "None"}
{"Name": "Cutty Sark 12 Year Old ", "Price": null, "Image": "None"}
{"Name": "Glenrothes Select Reserve", "Price": null, "Image": "None"}
{"Name": "The Deveron 12 Years Old", "Price": null, "Image": "None"}
{"Name": "The Glenlivet 12 Year Old", "Price": "\u00a337.00", "Image": "None"}
{"Name": "Glenkinchie 12 year old 20cl", "Price": "\u00a316.00", "Image": "None"}
{"Name": "Chivas Regal 12 Year Old ", "Price": "\u00a335.00", "Image": "None"}
{"Name": "Bunnahabhain 25 Year Old", "Price": "\u00a3390.00", "Image": "None"}
{"Name": "Glenfiddich 21 Year Old", "Price": " \u00a3150.00", "Image": "None"}
{"Name": "Glenfiddich 21 Year Old Chinese New Year Edition 2022", "Price": null, "Image": "None"}
{"Name": "Tamdhu Distinction", "Price": null, "Image": "None"}
{"Name": "Macallan Amber Limited Edition Gift Pack", "Price": null, "Image": "None"}
{"Name": "Bruichladdich Black Art 5", "Price": null, "Image": "None"}
{"Name": "Chivas 18 Year Old Ice Drop Gift Pack", "Price": null, "Image": "None"}
{"Name": "Glenrothes Vintage Reserve ", "Price": null, "Image": "None"}
{"Name": "anCnoc 1975", "Price": null, "Image": "None"}
{"Name": "Macallan Ruby", "Price": null, "Image": "None"}
{"Name": "Glen Spey 12 Year Old ", "Price": "\u00a348.00", "Image": "None"}
{"Name": "Dalmore 40 Year Old 2022 Release", "Price": "\u00a39,000.00", "Image": "None"}
{"Name": "Aberlour Casg Annamh", "Price": "\u00a355.00", "Image": "None"}
{"Name": "King's Inch Glasgow Single Malt", "Price": "\u00a345.00", "Image": "None"}
{"Name": "Dalmore 15 Year Old Pedestal Gift Tin", "Price": null, "Image": "None"}
{"Name": "Dalmore 2008 13 Year Old Batch 21/140 Connoisseur's Choice ", "Price": null, "Image": "None"}
{"Name": "Bowmore Devil's Cask III", "Price": null, "Image": "None"}
{"Name": "Macallan 30 year old Fine Oak", "Price": null, "Image": "None"}
{"Name": "Old Malt Cask Craigellachie 21 Year Old", "Price": null, "Image": "None"}
{"Name": "Bruichladdich The Laddie Ten Year Old 2nd Limited Edition", "Price": null, "Image": "None"}
{"Name": "Macallan Masters of Photography: Mario Testino Edition: Purple Print", "Price": null, "Image": "None"}
{"Name": "Macallan Masters of Photography: Mario Testino Edition: Green Print ", "Price": null, "Image": "None"}
{"Name": "Auchentoshan 1965", "Price": null, "Image": "None"}
{"Name": "Glenmorangie Tusail Private Edition", "Price": null, "Image": "None"}
{"Name": "Glenrothes 18 Year Old", "Price": "\u00a3110.00", "Image": "None"}
{"Name": "Fettercairn 40 Year Old", "Price": "\u00a33,000.00", "Image": "None"}
{"Name": "Fettercairn 28 Year Old", "Price": "\u00a3460.00", "Image": "None"}
{"Name": "Fettercairn 12 Year Old", "Price": "\u00a346.00", "Image": "None"}
{"Name": "Tamdhu Cigar Malt", "Price": null, "Image": "None"}
{"Name": "Chivas Regal The Icon", "Price": null, "Image": "None"}
{"Name": "Macallan 1991 25 Year Old Fine & Rare #7021", "Price": null, "Image": "None"}
{"Name": "The Loch Fyne The Living Cask - Batch 4", "Price": null, "Image": "None"}
{"Name": "Old Malt Cask Aberlour 21 Year Old", "Price": null, "Image": "None"}
{"Name": "Haig Club", "Price": null, "Image": "None"}
{"Name": "Auchentoshan Three Wood", "Price": "\u00a350.00", "Image": "None"}
{"Name": "Jura 1984 Vintage", "Price": null, "Image": "None"}
{"Name": "Glenglassaugh 51 year old", "Price": null, "Image": "None"}
{"Name": "BenRiach 10th Anniversary 10 year old ", "Price": null, "Image": "None"}
{"Name": "Glenmorangie The Taghta", "Price": null, "Image": "None"}
{"Name": "Old Pulteney 15 Year Old", "Price": "\u00a360.00", "Image": "None"}
{"Name": "The Glenlivet Captain's Reserve", "Price": "\u00a347.00", "Image": "None"}
{"Name": "The Loch Fyne Blend 5cl", "Price": "\u00a37.00", "Image": "None"}
{"Name": "Golf Ball on Tee with Tap", "Price": "\u00a389.00", "Image": "None"}
{"Name": "Strathisla 1985 35 Year Old Private Collection", "Price": null, "Image": "None"}
{"Name": "Glen Grant 1976 Private Collection", "Price": null, "Image": "None"}
{"Name": "Bowmore 21 Year Old Chateau Lagrange French Oak", "Price": null, "Image": "None"}
{"Name": "Glenrothes 25 Year Old ", "Price": "\u00a3375.00", "Image": "None"}
{"Name": "Old Malt Cask Glen Moray 22 Year Old", "Price": null, "Image": "None"}
{"Name": "Glenfiddich The Original", "Price": null, "Image": "None"}
{"Name": "Inchmurrin 18 Year Old", "Price": "\u00a387.00", "Image": "None"}
{"Name": "Blair Athol 23 Year Old 2017 Special Release", "Price": null, "Image": "None"}
{"Name": "The Loch Fyne Glenrothes 12 Year Old", "Price": null, "Image": "None"}
{"Name": "Glenkeir Treasures Inchgower 6 year old 10cl", "Price": null, "Image": "None"}
{"Name": "The Glenlivet 50 year old Winchester Collection 1964", "Price": null, "Image": "None"}
{"Name": "Jura Tastival Festival bottling", "Price": null, "Image": "None"}
{"Name": "Glenfiddich 15 Year Old Solera 5cl", "Price": "\u00a38.25", "Image": "None"}
{"Name": "Famous Grouse ", "Price": null, "Image": "None"}
{"Name": "Bunnahabhain 1980 Canasta Cask Finish", "Price": "\u00a31,800.00", "Image": "None"}
{"Name": "Dalmore Port Wood Reserve", "Price": "\u00a369.00", "Image": "None"}
{"Name": "Globe Decanter & 4 Glasses", "Price": "\u00a389.00", "Image": "None"}
{"Name": "Barrel and 2 Glasses", "Price": "\u00a389.00", "Image": "None"}
{"Name": "Auchentoshan Gift Pack 3 x 20cl", "Price": "\u00a371.00", "Image": "None"}
{"Name": "Darkness Craigellachie 11 Year Old Oloroso Cask Finish ", "Price": null, "Image": "None"}
{"Name": "First Editions Mortlach 2007", "Price": null, "Image": "None"}
{"Name": "Highland Park 25 Year Old", "Price": null, "Image": "None"}
{"Name": "Old Pulteney 35 year old ", "Price": null, "Image": "None"}
{"Name": "Glenmorangie Original 10 year old ", "Price": null, "Image": "None"}
{"Name": "Tobermory 10 Year Old 5cl", "Price": null, "Image": "None"}
{"Name": "Old Pulteney Clipper ", "Price": null, "Image": "None"}
{"Name": "The Glenlivet Guardians Chapter", "Price": null, "Image": "None"}
{"Name": "Barley Tap and 2 Glasses", "Price": "\u00a389.00", "Image": "None"}
{"Name": "Aberlour 12 Year Old", "Price": "\u00a341.00", "Image": "None"}
{"Name": "anCnoc 18 Year Old", "Price": "\u00a394.00", "Image": "None"}
{"Name": "The Lost Distillery Co. Auchnagie", "Price": "\u00a352.00", "Image": "None"}
{"Name": "Darkness Blair Athol 14 Year Old Oloroso Cask Finish", "Price": null, "Image": "None"}
{"Name": "Dalmore 30 Year Old 2021 Release", "Price": null, "Image": "None"}
{"Name": "Rare Find Islay 2006", "Price": "\u00a3102.00", "Image": "None"}
{"Name": "Jura 10 Year Old", "Price": null, "Image": "None"}
{"Name": "Highland Journey Blended Malt", "Price": null, "Image": "None"}
{"Name": "Glen Garioch Founder's Reserve ", "Price": null, "Image": "None"}
{"Name": "Girvan Patent Still No. 4 Apps ", "Price": null, "Image": "None"}
{"Name": "Glenglassaugh Triple Pack 3 x 20cl", "Price": null, "Image": "None"}
{"Name": "Antiquary 12 year old ", "Price": null, "Image": "None"}
{"Name": "Tobermory 10 year old ", "Price": null, "Image": "None"}
{"Name": "Benromach Organic", "Price": "\u00a346.00", "Image": "None"}
{"Name": "Loch Lomond Inchmurrin 12 Year Old", "Price": "\u00a340.00", "Image": "None"}
{"Name": "Glen Moray 15 Year Old", "Price": "\u00a351.00", "Image": "None"}
{"Name": "Speyburn 10 Year Old", "Price": "\u00a338.00", "Image": "None"}
{"Name": "Glenmorangie 13 Year Old Cognac Cask Finish ", "Price": null, "Image": "None"}
{"Name": "Blair Athol 21 Year Old Batch 12 That Boutique-y Whisky Company", "Price": null, "Image": "None"}
{"Name": "Glentauchers 1995 25 Year Old Connoisseurs Choice Batch 21/096", "Price": null, "Image": "None"}
{"Name": "Rare Auld Grain Strathclyde Sherry Cask 1990 30 Year Old", "Price": null, "Image": "None"}
{"Name": "BenRiach 20 Year Old", "Price": null, "Image": "None"}
{"Name": "Auchentoshan 21 Year Old  ", "Price": "\u00a3128.00", "Image": "None"}
{"Name": "Old Malt Cask Benrinnes 19 Year Old", "Price": null, "Image": "None"}
{"Name": "The Loch Fyne Bunnahabhain 12 Year Old", "Price": null, "Image": "None"}
{"Name": "Glenturret Triple Wood ", "Price": null, "Image": "None"}
{"Name": "Balvenie 14 Year Old Caribbean Cask", "Price": "\u00a360.00", "Image": "None"}
{"Name": "Scapa Skiren", "Price": "\u00a342.00", "Image": "None"}
{"Name": "Glen Moray 12 Year Old", "Price": "\u00a337.00", "Image": "None"}
{"Name": "Lindores Abbey MCDXCIV Commemorative First Release", "Price": null, "Image": "None"}
{"Name": "The Octave Ben Nevis 2012", "Price": null, "Image": "None"}
{"Name": "Darkness Deanston 20 Year Old Palo Cortado Cask", "Price": null, "Image": "None"}
{"Name": "Darkness Balmenach 18 Year Old Moscatel Cask", "Price": null, "Image": "None"}
{"Name": "Singleton of Dufftown Sunray ", "Price": null, "Image": "None"}
{"Name": "Cardhu 12 Year Old Gift Set", "Price": null, "Image": "None"}
{"Name": "Isle of Jura Superstition", "Price": null, "Image": "None"}
{"Name": "Glendronach Parliament 21 Year Old 2021", "Price": "\u00a3199.00", "Image": "None"}
{"Name": "Scapa 16 Year Old ", "Price": null, "Image": "None"}
{"Name": "Old Pulteney Navigator ", "Price": null, "Image": "None"}
{"Name": "Kininvie 23 Year Old Batch 3", "Price": "\u00a3115.00", "Image": "None"}
{"Name": "The Glenlivet 15 Year Old", "Price": "\u00a355.00", "Image": "None"}
{"Name": "Darkness Auchroisk 21 Year Old Moscatel Cask ", "Price": null, "Image": "None"}
{"Name": "Royal Brackla 2006 14 Year Old Connoisseurs Choice", "Price": null, "Image": "None"}
{"Name": "Glen Scotia 10 Year Old Bordeaux Red Wine Finish Campbeltown Malts Festival 2021", "Price": null, "Image": "None"}
{"Name": "First Editions Blair Athol 2012", "Price": null, "Image": "None"}
{"Name": "Ballantine's Christmas Reserve", "Price": null, "Image": "None"}
{"Name": "Kilkerran 8 Year Old Cask Strength", "Price": null, "Image": "None"}
{"Name": "Dalmore Constellation 1969 Cask 1", "Price": null, "Image": "None"}
{"Name": "Girvan Patent Still 25 year old", "Price": "\u00a3255.00", "Image": "None"}
{"Name": "McClellands Lowland Single Malt ", "Price": null, "Image": "None"}
{"Name": "McClellands Highland Single Malt ", "Price": null, "Image": "None"}
{"Name": "Longmorn 16 year old ", "Price": null, "Image": "None"}
{"Name": "Isle of Jura 1976 ", "Price": null, "Image": "None"}
{"Name": "Dalwhinnie Winter's Gold", "Price": "\u00a342.00", "Image": "None"}
{"Name": "Glenkinchie 12 Year Old", "Price": "\u00a342.00", "Image": "None"}
{"Name": "GlenDronach 12 Year Old", "Price": "\u00a345.00", "Image": "None"}
{"Name": "Cardhu 12 Year Old", "Price": "\u00a339.00", "Image": "None"}
{"Name": "anCnoc 24 Year Old", "Price": null, "Image": "None"}
{"Name": "Glengoyne Cask Strength Batch 8", "Price": null, "Image": "None"}
{"Name": "Fettercairn Warehouse 2 Batch 1", "Price": null, "Image": "None"}
{"Name": "Wemyss Malts Bunnahabhain 28 Year Old Untold Riches", "Price": null, "Image": "None"}
{"Name": "BenRiach 16 year old", "Price": null, "Image": "None"}
{"Name": "Old Malt Cask Tamdhu 20 Year Old", "Price": null, "Image": "None"}
{"Name": "Old Malt Cask Allt a'Bhainne 24 Year Old", "Price": null, "Image": "None"}
{"Name": "The Glenlivet 18 Year Old", "Price": null, "Image": "None"}
{"Name": "The Glenlivet Nadurra 16 Year Old ", "Price": null, "Image": "None"}
{"Name": "Glen Spey 1996 Managers Choice", "Price": null, "Image": "None"}
{"Name": "Glen Garioch 12 Year Old 5cl", "Price": "\u00a311.00", "Image": "None"}
{"Name": "Caol Ila Stitchell Reserve 2013 ", "Price": null, "Image": "None"}
{"Name": "Ballantine's Finest ", "Price": null, "Image": "None"}
{"Name": "anCnoc 12 Year Old", "Price": "\u00a332.00", "Image": "None"}
{"Name": "Fettercairn 50 Year Old", "Price": "\u00a317,995.00", "Image": "None"}
{"Name": "Macallan A Night on Earth in Scotland", "Price": null, "Image": "None"}
{"Name": "The Macallan Harmony Collection Rich Cacao", "Price": null, "Image": "None"}
{"Name": "Aberlour 14 Year Old Double Cask ", "Price": "\u00a355.00", "Image": "None"}
{"Name": "Glenfiddich 21 Year Old Chinese New Year Edition 2021", "Price": null, "Image": "None"}
{"Name": "Old Fashioned Cocktail Bundle", "Price": null, "Image": "None"}
{"Name": "The Glenlivet 1990 30 Year Old Connoisseurs Choice", "Price": null, "Image": "None"}
{"Name": "Glenmorangie Lasanta", "Price": null, "Image": "None"}
{"Name": "Cragganmore 2016 Special Release", "Price": "\u00a3410.00", "Image": "None"}
{"Name": "Fettercairn 30 year old ", "Price": null, "Image": "None"}
{"Name": "Craigellachie 17 year old", "Price": null, "Image": "None"}
{"Name": "Ballantine's 21 year old ", "Price": null, "Image": "None"}
{"Name": "Balblair 1997 ", "Price": null, "Image": "None"}
{"Name": "Auchentoshan Valinch ", "Price": null, "Image": "None"}
{"Name": "Auchentoshan Three Wood 5cl", "Price": "\u00a312.00", "Image": "None"}
{"Name": "Arran Sauternes Wood Finish ", "Price": "\u00a347.00", "Image": "None"}
{"Name": "Glenglassaugh 10 Year Old Cask #2140 ", "Price": "\u00a391.00", "Image": "None"}
{"Name": "Darkness Craigellachie 11 Year Old Moscatel Cask Finish ", "Price": "\u00a395.00", "Image": "None"}
{"Name": "The Loch Fyne Caol Ila 10 Year Old 2010", "Price": "\u00a362.00", "Image": "None"}
{"Name": "Balvenie Tun 1509 Batch 8 ", "Price": "\u00a3330.00", "Image": "None"}
{"Name": "Glen Moray Warehouse 1 1998 Barolo Finish ", "Price": "\u00a3145.00", "Image": "None"}
{"Name": "Glen Moray 2006 Sauternes Cask", "Price": null, "Image": "None"}
{"Name": "Glenmorangie 12 Year Old Malaga", "Price": null, "Image": "None"}
{"Name": "Johnnie Walker Green Label Gift Set", "Price": null, "Image": "None"}
{"Name": "Glendronach 2006 13 Year Old #5538 UK Exclusive", "Price": null, "Image": "None"}
{"Name": "Macallan Distil Your World: London", "Price": null, "Image": "None"}
{"Name": "Cardhu 18 Year Old", "Price": null, "Image": "None"}
{"Name": "Cameron Brig ", "Price": null, "Image": "None"}
{"Name": "Deanston 18 Year Old", "Price": null, "Image": "None"}
{"Name": "Strathmill 25 Year Old 2014 Special Release", "Price": "\u00a3285.00", "Image": "None"}
{"Name": "Jura 21 Year Old", "Price": null, "Image": "None"}
{"Name": "anCnoc 16 year old ", "Price": null, "Image": "None"}
{"Name": "Aberfeldy 21 Year Old ", "Price": null, "Image": "None"}
{"Name": "William Lawson's", "Price": null, "Image": "None"}
{"Name": "The Glenlivet 21 Year Old ", "Price": null, "Image": "None"}
{"Name": "Lagavulin 12 Year Old Diageo Special Release 2021", "Price": "\u00a3130.00", "Image": "None"}
{"Name": "First Editions Mortlach 2010", "Price": "\u00a381.00", "Image": "None"}
{"Name": "The Octave Dalmore 2004 16 Year Old", "Price": "\u00a3295.00", "Image": "None"}
{"Name": "First Editions Glenburgie 2007", "Price": "\u00a390.00", "Image": "None"}
{"Name": "Darkness Caperdonich 23 Year Old 10188", "Price": null, "Image": "None"}
{"Name": "Bruichladdich Black Art 8", "Price": null, "Image": "None"}
{"Name": "Arran Port Wood Cask Finish", "Price": "\u00a354.00", "Image": "None"}
{"Name": "Arran Sauternes Cask Finish", "Price": null, "Image": "None"}
{"Name": "Balblair 1990 ", "Price": null, "Image": "None"}
{"Name": "The Glenlivet 15 Year Old 5cl", "Price": "\u00a36.00", "Image": "None"}
{"Name": "Glenfarclas 105 5cl", "Price": null, "Image": "None"}
{"Name": "BenRiach 20 Year Old 20cl", "Price": null, "Image": "None"}
{"Name": "First Editions Tamnavulin 2010", "Price": "\u00a372.00", "Image": "None"}
{"Name": "Old Malt Cask Blair Athol 16 Year Old ", "Price": "\u00a3118.00", "Image": "None"}
{"Name": "First Editions Auchroisk 2011", "Price": "\u00a370.00", "Image": "None"}
{"Name": "Old Malt Cask Jura 13 Year Old ", "Price": "\u00a3107.00", "Image": "None"}
{"Name": "Macallan 78 Year Old Red Collection", "Price": null, "Image": "None"}
{"Name": "Macallan 60 Year Old Red Collection", "Price": null, "Image": "None"}
{"Name": "Macallan 40 Year Old Red Collection", "Price": null, "Image": "None"}
{"Name": "Glenmorangie 10 Year Old Original Giraffe Tin", "Price": null, "Image": "None"}
{"Name": "Glenmorangie A Tale of Cake", "Price": null, "Image": "None"}
{"Name": "Tobermory 12 Year Old 2007 Port Pipe Finish", "Price": null, "Image": "None"}
{"Name": "Bunnahabhain 2008 Manzanilla Cask", "Price": "\u00a3155.00", "Image": "None"}
{"Name": "Dalmore Dominium - Travel Retail Exclusive", "Price": null, "Image": "None"}
{"Name": "Macallan 18 Year Old Double Cask", "Price": null, "Image": "None"}
{"Name": "Loch Lomond 12 Year Old Open Edition", "Price": "\u00a357.00", "Image": "None"}
{"Name": "Fettercairn 16 Year Old", "Price": null, "Image": "None"}
{"Name": "Macallan Rare Cask 2020 Release", "Price": null, "Image": "None"}
{"Name": "Dalmore 51 Year Old", "Price": null, "Image": "None"}
{"Name": "Inchmurrin 2004 #17/641-2", "Price": null, "Image": "None"}
{"Name": "Macallan Exceptional Single Cask 2019/ESB-14/03", "Price": null, "Image": "None"}
{"Name": "Glenrothes 1992 2nd Edition", "Price": null, "Image": "None"}
{"Name": "Arran Quarter Cask The Bothy", "Price": "\u00a349.00", "Image": "None"}
{"Name": "Old Malt Cask Ben Nevis 23 Year Old", "Price": null, "Image": "None"}
{"Name": "Nectar Grove Batch Strength", "Price": null, "Image": "None"}
{"Name": "Glenrothes Elders' Reserve 10cl", "Price": null, "Image": "None"}
{"Name": "Glenrothes 2004", "Price": null, "Image": "None"}
{"Name": "Glenrothes 1995", "Price": null, "Image": "None"}
{"Name": "BenRiach 10 Year Old Gift Set", "Price": null, "Image": "None"}
{"Name": "Glenrothes 40 Year Old", "Price": null, "Image": "None"}
{"Name": "First Editions Dalmore 2008", "Price": null, "Image": "None"}
{"Name": "Dalmore Port Wood Reserve Gift Set", "Price": "\u00a383.00", "Image": "None"}
{"Name": "Dalwhinnie 30 Year Old Special Releases 2019", "Price": null, "Image": "None"}
